id.orig_h,ja3
172.105.128.13,c3a6cf0bf2e690ac8e1ecf6081f17a50
135.125.218.67,7233131c9641dc3d3c77395c1ff2e9b6
45.33.72.10,cc8870c5053e89c025176af1201dd122
23.251.102.74,02f32644e1b0655c19aaa3a2d6778b1e
193.118.53.194,02f32644e1b0655c19aaa3a2d6778b1e
198.74.61.44,cc8870c5053e89c025176af1201dd122
192.241.201.16,cba7f34191ef2379c1325641f6c6c4f4
154.26.136.165,19e29534fd49dd27d09234e639c4057e
38.242.128.76,19e29534fd49dd27d09234e639c4057e
198.199.92.121,cba7f34191ef2379c1325641f6c6c4f4
181.214.206.186,95d6f221c32953590c3a85cbee0d9e61
167.172.41.120,cba7f34191ef2379c1325641f6c6c4f4
162.243.133.12,cba7f34191ef2379c1325641f6c6c4f4
45.33.80.243,c3a6cf0bf2e690ac8e1ecf6081f17a50
128.1.248.26,02f32644e1b0655c19aaa3a2d6778b1e
45.56.108.165,cc8870c5053e89c025176af1201dd122
66.175.213.4,c3a6cf0bf2e690ac8e1ecf6081f17a50
123.6.49.6,473cd7cb9faa642487833865d516e578
167.248.133.44,47d7390b9f272110a0418056b344d65f
96.126.105.194,cc8870c5053e89c025176af1201dd122
164.90.139.238,013c30c8ce44c8b27e9ceb2a14db7283
167.248.133.61,47d7390b9f272110a0418056b344d65f
107.170.227.13,cba7f34191ef2379c1325641f6c6c4f4
109.237.97.180,674a73e1c587a5355cb37e25e6bebe48
67.205.147.15,cba7f34191ef2379c1325641f6c6c4f4
172.104.11.34,c3a6cf0bf2e690ac8e1ecf6081f17a50
162.221.192.26,02f32644e1b0655c19aaa3a2d6778b1e
54.161.155.163,b82cd20325bd961c3c1f5276e31e1aea
96.126.105.254,cc8870c5053e89c025176af1201dd122
34.77.127.183,255532de16da2585a1d4daec52aa322f
20.203.22.11,89be98bbd4f065fe510fca4893cf8d9b
94.198.42.150,e564ee1b7bcae4467d8c759df910ed9c
129.146.165.46,4d7f0c0bee5049725935d4fafbbd507c
45.33.72.79,cc8870c5053e89c025176af1201dd122
64.62.197.208,7f9afda94eb685adc8d863d934bf54bd
64.62.197.199,cba7f34191ef2379c1325641f6c6c4f4
192.241.210.43,cba7f34191ef2379c1325641f6c6c4f4
64.62.197.197,22aa2bdb630c59d5ff64a34017e418c4
64.62.197.205,cba7f34191ef2379c1325641f6c6c4f4
54.36.112.44,7233131c9641dc3d3c77395c1ff2e9b6
18.169.162.17,194f67106049358f4fc4c762156bd3b9
172.105.128.12,c3a6cf0bf2e690ac8e1ecf6081f17a50
198.74.61.207,cc8870c5053e89c025176af1201dd122
192.241.195.48,cba7f34191ef2379c1325641f6c6c4f4
198.199.115.100,cba7f34191ef2379c1325641f6c6c4f4
45.56.108.229,cc8870c5053e89c025176af1201dd122
212.102.40.218,013c30c8ce44c8b27e9ceb2a14db7283
20.0.179.243,db687c576d7ee0017b289fc05e0f8574
20.220.112.185,8b79783b7a50d6785ef5365a464f97d1
45.79.181.179,c3a6cf0bf2e690ac8e1ecf6081f17a50
170.64.160.151,cba7f34191ef2379c1325641f6c6c4f4
94.102.56.151,5a12ede4b3258b83a0e8b71528918378
185.38.111.110,18e9afaf91db6f8a2470e7435c2a1d6b
205.210.31.148,18e9afaf91db6f8a2470e7435c2a1d6b
128.14.134.134,02f32644e1b0655c19aaa3a2d6778b1e
170.187.160.7,cc8870c5053e89c025176af1201dd122
47.88.87.97,20c9baf81bfe96ff89722899e75d0190
47.88.78.6,20c9baf81bfe96ff89722899e75d0190
164.90.149.37,473cd7cb9faa642487833865d516e578
